Full Name,Name,Status,Duration,Error,Stack Trace,Steps,Parent Suite,Suite,Sub Suite,Epic,Feature,Story
"dev.reference.app.config.CorsConfigTest.apiCorsChecksOrigin","admits a configured dev server origin and rejects an unknown one","passed","71ms",,,,,"CorsConfig",,"Security","CORS",
"dev.reference.app.config.CorsConfigTest.apiCorsAllowsSameHostOrigin","admits the deployment host when Origin matches the request Host","passed","2ms",,,,,"CorsConfig",,"Security","CORS",
"dev.reference.app.config.CorsConfigTest.apiCorsAllowsOriginPatterns","applies the configured origin patterns on /api/**","passed","2ms",,,,,"CorsConfig",,"Security","CORS",
"tests.testinfra.LocalChromePinTest.applyRejectsBlankBrowserVersion","apply refuses to fall back to system Chrome","passed","2ms",,,,,"LocalChromePin",,"Test harness","LocalChromePin",
"tests.testinfra.LocalChromePinTest.applyRejectsForeignMajor","apply rejects a browserVersion from another major","passed","3ms",,,,,"LocalChromePin",,"Test harness","LocalChromePin",
"frontend-typescript-react:src/test/header-active-nav.test.ts#canonical header.js — mobile burger menu builds menu with nav, search, and github links","builds menu with nav, search, and github links","passed","34ms",,,"expect(3).toBe(3) passed (0s)
 expect(3).toBe(3) passed (0s)
  expect({}).not.toBeNull() passed (1ms)
   expect([""header-menu-nav-home"",""header-menu-nav-login"",""header-menu-nav-register""]).toEqual([""header-menu-nav-home"",""header-menu-nav-login"",""header-menu-nav-register""]) passed (0s)
    expect({}).not.toBeNull() passed (0s)
     expect({}).not.toBeNull() passed (0s)
      expect({}).not.toBeNull() passed (0s)","canonical header.js — mobile burger menu","canonical header.js — mobile burger menu",,"reference-app-copy","canonical header.js — mobile burger menu",
"frontend-typescript-react:src/test/pages/HomePage.test.tsx#HomePage clears invalid session and keeps welcome hidden","clears invalid session and keeps welcome hidden","passed","43ms",,,"expect({""__reactFiber$fsev6y5gcpq"":{""tag"":5,""key"":null,""elementType"":""div"",""type"":""div"",""stateNode"":""[Circular]"",""return"":""[Object]"",""child"":""[Object]"",""sibling"":null,... <truncated>).not.toBeVisible() passed (5ms)
 expect(null).toBeNull() passed (0s)","HomePage","HomePage",,"reference-app-copy","HomePage",
"frontend-typescript-react:src/test/header-active-nav.test.ts#canonical header.js — mobile burger menu closes menu when a menu nav link is clicked","closes menu when a menu nav link is clicked","passed","41ms",,,"expect(3).toBe(3) passed (0s)
 expect(3).toBe(3) passed (1ms)
  expect(false).toBe(false) passed (0s)
   expect(true).toBe(true) passed (0s)","canonical header.js — mobile burger menu","canonical header.js — mobile burger menu",,"reference-app-copy","canonical header.js — mobile burger menu",
"tests.testinfra.LocalChromePinTest.configuredBrowserVersionMatchesPin","configured browserVersion stays on the pinned major","passed","1ms",,,,,"LocalChromePin",,"Test harness","LocalChromePin",
"dev.reference.app.entity.ItemEntityTest.constructorAndGettersExposeItemFields","constructor and getters expose item fields","passed","1ms",,,,,"ItemEntity",,"Domain","ItemEntity",
"dev.reference.app.entity.UserEntityTest.constructorAndGettersExposeUserFields","constructor and getters expose user fields","passed","1ms",,,,,"UserEntity",,"Domain","UserEntity",
"dev.reference.app.config.CorsConfigTest.corsForRequestSkipsNonApiPaths","corsForRequest ignores non-API paths and null requests","passed","1ms",,,,,"CorsConfig",,"Security","CORS",
"dev.reference.app.config.UserSeederTest.createsSeedUserWhenMissing","creates seed user when missing","passed","296ms",,,,,"UserSeeder",,"Authentication","User seeder",
"dev.reference.app.service.JwtServiceTest.tokenRoundtrip","createToken and extractUsername roundtrip","passed","5ms",,,,,"JwtService",,"Authentication","JWT",
"frontend-typescript-react:src/test/pages/HomePage.test.tsx#HomePage does not clear session after unmount when profile fetch fails","does not clear session after unmount when profile fetch fails","passed","24ms",,,"expect({""__reactFiber$fsev6y5gcpq"":{""tag"":5,""key"":null,""elementType"":""div"",""type"":""div"",""stateNode"":""[Circular]"",""return"":""[Object]"",""child"":""[Object]"",""sibling"":null,... <truncated>).toBeInTheDocument() passed (0s)
 expect(""stale-token"").toBe(""stale-token"") passed (0s)","HomePage","HomePage",,"reference-app-copy","HomePage",
"frontend-typescript-react:src/test/pwa/pwa-register.test.ts#pwa-register controllerchange reload does not reload on first claim (no prior controller)","does not reload on first claim (no prior controller)","passed","7ms",,,"expect([Function spy]).not.toHaveBeenCalled() passed (1ms)","pwa-register controllerchange reload","pwa-register controllerchange reload",,"reference-app-copy","pwa-register controllerchange reload",
"frontend-typescript-react:src/test/lib/auth.test.ts#validateCredentials enforces login minimum length","enforces login minimum length","passed","0s",,,"expect(""Login must be at least 3 characters"").toBe(""Login must be at least 3 characters"") passed (0s)","validateCredentials","validateCredentials",,"reference-app-copy","validateCredentials",
"frontend-typescript-react:src/test/lib/auth.test.ts#validateCredentials enforces password minimum length","enforces password minimum length","passed","0s",,,"expect(""Password must be at least 6 characters"").toBe(""Password must be at least 6 characters"") passed (1ms)","validateCredentials","validateCredentials",,"reference-app-copy","validateCredentials",
"dev.reference.app.controller.AuthControllerTest.meReturnsProfile","GET /api/auth/me returns profile for authenticated user","passed","27ms",,,,,"AuthController",,"Authentication","AuthController",
"dev.reference.app.controller.AuthControllerTest.meRequiresAuthentication","GET /api/auth/me without token returns 401","passed","7ms",,,,,"AuthController",,"Authentication","AuthController",
"dev.reference.app.controller.ApiControllerTest.healthReturnsOk","GET /api/health returns ok","passed","173ms",,,,,"ApiController",,"Home","ApiController",
"dev.reference.app.controller.ApiControllerTest.itemsReturnsList","GET /api/items returns items from service","passed","26ms",,,,,"ApiController",,"Home","ApiController",
"tests.testinfra.LayoutCssTest.gridColumnCountParsesGridTemplateColumns","gridColumnCount parses grid-template-columns [1] repeat(3, minmax(0, 1fr)), 3","passed","14ms",,,,,"LayoutCss",,"Test harness","Layout CSS",
"tests.testinfra.LayoutCssTest.gridColumnCountParsesGridTemplateColumns","gridColumnCount parses grid-template-columns [2] 603px 603px, 2","passed","2ms",,,,,"LayoutCss",,"Test harness","Layout CSS",
"tests.testinfra.LayoutCssTest.gridColumnCountParsesGridTemplateColumns","gridColumnCount parses grid-template-columns [3] 1fr, 1","passed","1ms",,,,,"LayoutCss",,"Test harness","Layout CSS",
"tests.testinfra.LayoutCssTest.gridColumnCountParsesGridTemplateColumns","gridColumnCount parses grid-template-columns [4] 316px, 1","passed","2ms",,,,,"LayoutCss",,"Test harness","Layout CSS",
"tests.testinfra.LayoutCssTest.gridColumnCountParsesGridTemplateColumns","gridColumnCount parses grid-template-columns [5] none, 0","passed","1ms",,,,,"LayoutCss",,"Test harness","Layout CSS",
"dev.reference.app.service.ItemServiceTest.healthReturnsOk","health returns ok status","passed","2ms",,,,,"ItemService",,"Home","ItemService",
"frontend-typescript-react:src/test/header-active-nav.test.ts#canonical header.js — active nav follows the route highlights Home on mount root","highlights Home on mount root","passed","43ms",,,"expect(3).toBe(3) passed (0s)
 expect(3).toBe(3) passed (0s)
  expect([""header-nav-home""]).toEqual([""header-nav-home""]) passed (0s)
   expect([""header-nav-home""]).toEqual([""header-nav-home""]) passed (0s)","canonical header.js — active nav follows the route","canonical header.js — active nav follows the route",,"reference-app-copy","canonical header.js — active nav follows the route",
"frontend-typescript-react:src/test/header-active-nav.test.ts#canonical header.js — active nav follows the route highlights Login on a direct /login load","highlights Login on a direct /login load","passed","190ms",,,"expect(3).toBe(3) passed (1ms)
 expect(3).toBe(3) passed (0s)
  expect([""header-nav-login""]).toEqual([""header-nav-login""]) passed (1ms)
   expect([""header-nav-login""]).toEqual([""header-nav-login""]) passed (0s)","canonical header.js — active nav follows the route","canonical header.js — active nav follows the route",,"reference-app-copy","canonical header.js — active nav follows the route",
"frontend-typescript-react:src/test/header-active-nav.test.ts#canonical header.js — active nav follows the route highlights Register on a direct /register load","highlights Register on a direct /register load","passed","56ms",,,"expect(3).toBe(3) passed (0s)
 expect(3).toBe(3) passed (0s)
  expect([""header-nav-register""]).toEqual([""header-nav-register""]) passed (0s)
   expect([""header-nav-register""]).toEqual([""header-nav-register""]) passed (1ms)","canonical header.js — active nav follows the route","canonical header.js — active nav follows the route",,"reference-app-copy","canonical header.js — active nav follows the route",
"frontend-typescript-react:src/test/header-active-nav.test.ts#canonical header.js — mobile burger menu highlights the active route in menu nav links","highlights the active route in menu nav links","passed","45ms",,,"expect(3).toBe(3) passed (0s)
 expect(3).toBe(3) passed (0s)
  expect([""header-menu-nav-login""]).toEqual([""header-menu-nav-login""]) passed (0s)","canonical header.js — mobile burger menu","canonical header.js — mobile burger menu",,"reference-app-copy","canonical header.js — mobile burger menu",
"dev.reference.app.config.JwtAuthFilterTest.ignoresInvalidBearerToken","ignores invalid bearer token","passed","6ms",,,,,"JwtAuthFilter",,"Authentication","JWT filter",
"dev.reference.app.config.JwtAuthFilterTest.ignoresNonBearerAuthorizationHeader","ignores non-bearer authorization header","passed","5ms",,,,,"JwtAuthFilter",,"Authentication","JWT filter",
"dev.reference.app.service.JwtServiceTest.isValidRejectsExpiredToken","isValid rejects expired token","passed","516ms",,,,,"JwtService",,"Authentication","JWT",
"dev.reference.app.service.JwtServiceTest.isValidRejectsMalformedToken","isValid rejects malformed token","passed","1ms",,,,,"JwtService",,"Authentication","JWT",
"dev.reference.app.service.JwtServiceTest.isValidRejectsTamperedToken","isValid rejects tampered token","passed","3ms",,,,,"JwtService",,"Authentication","JWT",
"frontend-typescript-react:src/test/lib/appBase.test.ts#appBase — mount precedence keeps a bare product mount when there is no backend prefix","keeps a bare product mount when there is no backend prefix","passed","2ms",,,"expect(""/frontend-typescript-react"").toBe(""/frontend-typescript-react"") passed (0s)
 expect(null).toBeNull() passed (0s)
  expect(""authToken"").toBe(""authToken"") passed (0s)
   expect(""/frontend-typescript-react/js/header.js"").toBe(""/frontend-typescript-react/js/header.js"") passed (0s)
    expect(""/api/health"").toBe(""/api/health"") passed (0s)","appBase — mount precedence","appBase — mount precedence",,"reference-app-copy","appBase — mount precedence",
"frontend-typescript-react:src/test/header-active-nav.test.ts#canonical header.js — active nav follows the route keeps aria-current on exactly one item after navigation","keeps aria-current on exactly one item after navigation","passed","61ms",,,"expect(3).toBe(3) passed (0s)
 expect(3).toBe(3) passed (0s)
  expect([""header-nav-register""]).toEqual([""header-nav-register""]) passed (0s)","canonical header.js — active nav follows the route","canonical header.js — active nav follows the route",,"reference-app-copy","canonical header.js — active nav follows the route",
"frontend-typescript-react:src/test/pages/HomePage.test.tsx#HomePage keeps the welcome panel hidden without a session token","keeps the welcome panel hidden without a session token","passed","119ms",,,"expect({""__reactFiber$fsev6y5gcpq"":{""tag"":5,""key"":null,""elementType"":""div"",""type"":""div"",""stateNode"":""[Circular]"",""return"":""[Object]"",""child"":""[Object]"",""sibling"":null,... <truncated>).toBeInTheDocument() passed (1ms)
 expect({""__reactFiber$fsev6y5gcpq"":{""tag"":5,""key"":null,""elementType"":""div"",""type"":""div"",""stateNode"":""[Circular]"",""return"":""[Object]"",""child"":""[Object]"",""sibling"":null,... <truncated>).not.toBeVisible() passed (72ms)","HomePage","HomePage",,"reference-app-copy","HomePage",
"dev.reference.app.service.ItemServiceTest.listItemsMapsRows","listItems maps repository rows to DTOs ordered by id","passed","91ms",,,,,"ItemService",,"Home","ItemService",
"dev.reference.app.service.ItemServiceTest.listItemsReturnsEmptyWhenNoRows","listItems returns empty list when repository is empty","passed","3ms",,,,,"ItemService",,"Home","ItemService",
"dev.reference.app.service.AuthServiceTest.loginUnknownUser","login rejects unknown username","passed","3ms",,,,,"AuthService",,"Authentication","AuthService",
"dev.reference.app.service.AuthServiceTest.loginWrongPassword","login rejects wrong password","passed","5ms",,,,,"AuthService",,"Authentication","AuthService",
"dev.reference.app.service.AuthServiceTest.loginWithValidCredentials","login returns token for valid credentials","passed","5ms",,,,,"AuthService",,"Authentication","AuthService",
"frontend-typescript-react:src/test/pages/HomePage.test.tsx#HomePage logs out and navigates to login","logs out and navigates to login","passed","72ms",,,"expect({""__reactFiber$fsev6y5gcpq"":{""tag"":5,""key"":null,""elementType"":""div"",""type"":""div"",""stateNode"":""[Circular]"",""return"":""[Object]"",""child"":null,""sibling"":null,""index... <truncated>).toBeInTheDocument() passed (1ms)
 expect(null).toBeNull() passed (0s)","HomePage","HomePage",,"reference-app-copy","HomePage",
"frontend-typescript-react:src/test/lib/appBase.test.ts#appBase — mount precedence mounts at the document root when the path carries no mount at all","mounts at the document root when the path carries no mount at all","passed","2ms",,,"expect("""").toBe("""") passed (0s)
 expect(null).toBeNull() passed (1ms)
  expect(""authToken"").toBe(""authToken"") passed (0s)
   expect(""/"").toBe(""/"") passed (0s)
    expect(""/js/header.js"").toBe(""/js/header.js"") passed (0s)
     expect(""/api/health"").toBe(""/api/health"") passed (0s)","appBase — mount precedence","appBase — mount precedence",,"reference-app-copy","appBase — mount precedence",
"frontend-typescript-react:src/test/pages/LoginPage.test.tsx#LoginPage mounts the login form with canonical title and controls","mounts the login form with canonical title and controls","passed","89ms",,,"expect({""__reactFiber$bfjiva9m1r"":{""tag"":5,""key"":null,""elementType"":""div"",""type"":""div"",""stateNode"":""[Circular]"",""return"":""[Object]"",""child"":""[Object]"",""sibling"":null,""... <truncated>).toBeInTheDocument() passed (1ms)
 expect({""__reactFiber$bfjiva9m1r"":{""tag"":5,""key"":null,""elementType"":""span"",""type"":""span"",""stateNode"":""[Circular]"",""return"":""[Object]"",""child"":null,""sibling"":null,""inde... <truncated>).toHaveTextContent(""Login Form"") passed (0s)
  expect({""__reactFiber$bfjiva9m1r"":{""tag"":5,""key"":null,""elementType"":""input"",""type"":""input"",""stateNode"":""[Circular]"",""return"":""[Object]"",""child"":null,""sibling"":null,""in... <truncated>).toBeInTheDocument() passed (0s)
   expect({""__reactFiber$bfjiva9m1r"":{""tag"":5,""key"":null,""elementType"":""input"",""type"":""input"",""stateNode"":""[Circular]"",""return"":""[Object]"",""child"":null,""sibling"":null,""in... <truncated>).toHaveAttribute(""name"", ""username"") passed (1ms)
    expect({""__reactFiber$bfjiva9m1r"":{""tag"":5,""key"":null,""elementType"":""input"",""type"":""input"",""stateNode"":""[Circular]"",""return"":""[Object]"",""child"":null,""sibling"":null,""in... <truncated>).toBeInTheDocument() passed (0s)
     expect({""__reactFiber$bfjiva9m1r"":{""tag"":5,""key"":null,""elementType"":""input"",""type"":""input"",""stateNode"":""[Circular]"",""return"":""[Object]"",""child"":null,""sibling"":null,""in... <truncated>).toHaveAttribute(""name"", ""password"") passed (0s)
      expect({""__reactFiber$bfjiva9m1r"":{""tag"":5,""key"":null,""elementType"":""button"",""type"":""button"",""stateNode"":""[Circular]"",""return"":""[Object]"",""child"":null,""sibling"":null,""... <truncated>).toHaveTextContent(""Login"") passed (0s)
       expect({""__reactFiber$bfjiva9m1r"":{""tag"":5,""key"":null,""elementType"":""a"",""type"":""a"",""stateNode"":""[Circular]"",""return"":""[Object]"",""child"":null,""sibling"":null,""index"":0,""... <truncated>).toBeInTheDocument() passed (0s)","LoginPage","LoginPage",,"reference-app-copy","LoginPage",
"frontend-typescript-react:src/test/pages/RegisterPage.test.tsx#RegisterPage mounts the register form with canonical title and controls","mounts the register form with canonical title and controls","passed","75ms",,,"expect({""__reactFiber$3lcv01xnczc"":{""tag"":5,""key"":null,""elementType"":""div"",""type"":""div"",""stateNode"":""[Circular]"",""return"":""[Object]"",""child"":""[Object]"",""sibling"":null,... <truncated>).toBeInTheDocument() passed (1ms)
 expect({""__reactFiber$3lcv01xnczc"":{""tag"":5,""key"":null,""elementType"":""span"",""type"":""span"",""stateNode"":""[Circular]"",""return"":""[Object]"",""child"":null,""sibling"":null,""ind... <truncated>).toHaveTextContent(""Register"") passed (1ms)
  expect({""__reactFiber$3lcv01xnczc"":{""tag"":5,""key"":null,""elementType"":""input"",""type"":""input"",""stateNode"":""[Circular]"",""return"":""[Object]"",""child"":null,""sibling"":null,""i... <truncated>).toBeInTheDocument() passed (0s)
   expect({""__reactFiber$3lcv01xnczc"":{""tag"":5,""key"":null,""elementType"":""input"",""type"":""input"",""stateNode"":""[Circular]"",""return"":""[Object]"",""child"":null,""sibling"":null,""i... <truncated>).toBeInTheDocument() passed (0s)
    expect({""__reactFiber$3lcv01xnczc"":{""tag"":5,""key"":null,""elementType"":""input"",""type"":""input"",""stateNode"":""[Circular]"",""return"":""[Object]"",""child"":null,""sibling"":null,""i... <truncated>).toBeInTheDocument() passed (0s)
     expect({""__reactFiber$3lcv01xnczc"":{""tag"":5,""key"":null,""elementType"":""button"",""type"":""button"",""stateNode"":""[Circular]"",""return"":""[Object]"",""child"":null,""sibling"":null,... <truncated>).toHaveTextContent(""Register"") passed (0s)
      expect({""__reactFiber$3lcv01xnczc"":{""tag"":5,""key"":null,""elementType"":""a"",""type"":""a"",""stateNode"":""[Circular]"",""return"":""[Object]"",""child"":null,""sibling"":null,""index"":0,... <truncated>).toBeInTheDocument() passed (0s)","RegisterPage","RegisterPage",,"reference-app-copy","RegisterPage",
"dev.reference.app.config.SecurityConfigApiOnlyTest.nonApiDenied","non-API paths are denied","passed","56ms",,,,,"SecurityConfig API-only",,"Security","API-only security",
"tests.testinfra.TokensCssTest.parseRootTokensRejectsMissingRootBlock","parseRootTokens rejects css without :root block","passed","12ms",,,,,"TokensCss",,"Test harness","Tokens CSS",
"frontend-typescript-react:src/test/lib/auth.test.ts#validateCredentials passes for valid credentials","passes for valid credentials","passed","0s",,,"expect(null).toBeNull() passed (0s)","validateCredentials","validateCredentials",,"reference-app-copy","validateCredentials",
"dev.reference.app.config.JwtAuthFilterTest.passesThroughWithoutAuthorizationHeader","passes through when Authorization header is missing","passed","5ms",,,,,"JwtAuthFilter",,"Authentication","JWT filter",
"tests.testinfra.LocalChromePinTest.pinnedVersionIsFullBuildNumber","pinnedVersion is a full Chrome for Testing build number","passed","2ms",,,,,"LocalChromePin",,"Test harness","LocalChromePin",
"dev.reference.app.controller.AuthControllerTest.loginInvalidCredentials","POST /api/auth/login maps invalid credentials to 401","passed","10ms",,,,,"AuthController",,"Authentication","AuthController",
"dev.reference.app.controller.AuthControllerTest.loginReturnsOk","POST /api/auth/login returns 200","passed","17ms",,,,,"AuthController",,"Authentication","AuthController",
"dev.reference.app.controller.AuthControllerTest.logoutReturnsNoContent","POST /api/auth/logout returns 204","passed","11ms",,,,,"AuthController",,"Authentication","AuthController",
"dev.reference.app.controller.AuthControllerTest.registerDuplicateUsername","POST /api/auth/register maps duplicate username to 409","passed","12ms",,,,,"AuthController",,"Authentication","AuthController",
"dev.reference.app.controller.AuthControllerTest.registerRejectsUnreadableBody","POST /api/auth/register rejects an unreadable body with 400","passed","9ms",,,,,"AuthController",,"Authentication","AuthController",
"dev.reference.app.controller.AuthControllerTest.registerRejectsShortPassword","POST /api/auth/register rejects short password with 400","passed","209ms",,,,,"AuthController",,"Authentication","AuthController",
"dev.reference.app.controller.AuthControllerTest.registerReturnsCreated","POST /api/auth/register returns 201","passed","14ms",,,,,"AuthController",,"Authentication","AuthController",
"tests.testinfra.ConfigReaderTest.privateConstructorIsReachable","private constructor keeps utility class closed","passed","3ms",,,,,"ConfigReader",,"Test harness","ConfigReader",
"dev.reference.app.service.AuthServiceTest.profileUnknownUser","profile rejects unknown username","passed","3ms",,,,,"AuthService",,"Authentication","AuthService",
"dev.reference.app.service.AuthServiceTest.profileForExistingUser","profile returns username for existing user","passed","2ms",,,,,"AuthService",,"Authentication","AuthService",
"dev.reference.app.entity.UserEntityTest.noArgsConstructorInitializesCreatedAt","protected no-args constructor initializes createdAt","passed","1ms",,,,,"UserEntity",,"Domain","UserEntity",
"dev.reference.app.entity.ItemEntityTest.noArgsConstructorLeavesFieldsUnset","protected no-args constructor leaves fields unset","passed","1ms",,,,,"ItemEntity",,"Domain","ItemEntity",
"frontend-typescript-react:src/test/header-active-nav.test.ts#canonical header.js — active nav follows the route re-syncs on popstate (browser back/forward)","re-syncs on popstate (browser back/forward)","passed","103ms",,,"expect(3).toBe(3) passed (0s)
 expect(3).toBe(3) passed (0s)
  expect([""header-nav-register""]).toEqual([""header-nav-register""]) passed (0s)
   expect([""header-nav-register""]).toEqual([""header-nav-register""]) passed (0s)","canonical header.js — active nav follows the route","canonical header.js — active nav follows the route",,"reference-app-copy","canonical header.js — active nav follows the route",
"frontend-typescript-react:src/test/header-active-nav.test.ts#canonical header.js — active nav follows the route re-syncs on SPA pushState (in-form Register → Login link)","re-syncs on SPA pushState (in-form Register → Login link)","passed","54ms",,,"expect(3).toBe(3) passed (0s)
 expect(3).toBe(3) passed (0s)
  expect([""header-nav-register""]).toEqual([""header-nav-register""]) passed (0s)
   expect([""header-nav-login""]).toEqual([""header-nav-login""]) passed (0s)
    expect([""header-nav-login""]).toEqual([""header-nav-login""]) passed (0s)","canonical header.js — active nav follows the route","canonical header.js — active nav follows the route",,"reference-app-copy","canonical header.js — active nav follows the route",
"frontend-typescript-react:src/test/pages/RegisterPage.test.tsx#RegisterPage redirects home when a session token is already present","redirects home when a session token is already present","passed","20ms",,,"expect({""__reactFiber$3lcv01xnczc"":{""tag"":5,""key"":null,""elementType"":""div"",""type"":""div"",""stateNode"":""[Circular]"",""return"":""[Object]"",""child"":null,""sibling"":null,""index... <truncated>).toBeInTheDocument() passed (0s)","RegisterPage","RegisterPage",,"reference-app-copy","RegisterPage",
"frontend-typescript-react:src/test/pages/LoginPage.test.tsx#LoginPage redirects home when a session token is already present","redirects home when a session token is already present","passed","30ms",,,"expect({""__reactFiber$bfjiva9m1r"":{""tag"":5,""key"":null,""elementType"":""div"",""type"":""div"",""stateNode"":""[Circular]"",""return"":""[Object]"",""child"":null,""sibling"":null,""index""... <truncated>).toBeInTheDocument() passed (0s)","LoginPage","LoginPage",,"reference-app-copy","LoginPage",
"dev.reference.app.service.AuthServiceTest.registerLosesUniqueConstraintRace","register maps a lost unique-constraint race to 409","passed","4ms",,,,,"AuthService",,"Authentication","AuthService",
"dev.reference.app.service.AuthServiceTest.registerDuplicateUsername","register rejects duplicate username","passed","2ms",,,,,"AuthService",,"Authentication","AuthService",
"dev.reference.app.service.AuthServiceTest.registerCreatesUser","register saves user and returns auth response","passed","6ms",,,,,"AuthService",,"Authentication","AuthService",
"frontend-typescript-react:src/test/pwa/registerServiceWorker.test.ts#registerServiceWorker registers /sw.js immediately via DS primitive in production","registers /sw.js immediately via DS primitive in production","passed","10ms",,,"expect([Function spy]).toHaveBeenCalledWith(""/sw.js"") passed (2ms)
 expect([Function spy]).toHaveBeenCalledWith(""controllerchange"", expect.any(Function)) passed (1ms)
  expect([Function spy]).toHaveBeenCalled() passed (0s)","registerServiceWorker","registerServiceWorker",,"reference-app-copy","registerServiceWorker",
"frontend-typescript-react:src/test/pwa/pwa-register.test.ts#pwa-register controllerchange reload reloads at most once per registration","reloads at most once per registration","passed","1ms",,,"expect([Function spy]).toHaveBeenCalledTimes(1) passed (1ms)","pwa-register controllerchange reload","pwa-register controllerchange reload",,"reference-app-copy","pwa-register controllerchange reload",
"frontend-typescript-react:src/test/pwa/pwa-register.test.ts#pwa-register controllerchange reload reloads when an existing controller is replaced","reloads when an existing controller is replaced","passed","1ms",,,"expect([Function spy]).toHaveBeenCalledTimes(1) passed (1ms)","pwa-register controllerchange reload","pwa-register controllerchange reload",,"reference-app-copy","pwa-register controllerchange reload",
"tests.testinfra.HarViewerHtmlTest.renderBuildsSelenoidLikeTableWithDetailsWithoutEmbeddedHarDataUri","renderBuildsSelenoidLikeTableWithDetailsWithoutEmbeddedHarDataUri()","passed","10ms",,,,,"tests.testinfra.HarViewerHtmlTest",,"Test harness","HAR viewer",
"frontend-typescript-react:src/test/pages/HomePage.test.tsx#HomePage renders the reference layout with health and items from the API","renders the reference layout with health and items from the API","passed","119ms",,,"expect({""__reactFiber$fsev6y5gcpq"":{""tag"":5,""key"":null,""elementType"":""main"",""type"":""main"",""stateNode"":""[Circular]"",""return"":""[Object]"",""child"":""[Object]"",""sibling"":nul... <truncated>).toBeInTheDocument() passed (1ms)
 expect({""__reactFiber$fsev6y5gcpq"":{""tag"":5,""key"":null,""elementType"":""p"",""type"":""p"",""stateNode"":""[Circular]"",""return"":""[Object]"",""child"":null,""sibling"":null,""index"":0,... <truncated>).toHaveTextContent(""→ UP | service: reference-app | frontend: frontend-typescript-react"") failed (14ms)
  expect({""__reactFiber$fsev6y5gcpq"":{""tag"":5,""key"":null,""elementType"":""p"",""type"":""p"",""stateNode"":""[Circular]"",""return"":""[Object]"",""child"":null,""sibling"":null,""index"":0,... <truncated>).toHaveTextContent(""→ UP | service: reference-app | frontend: frontend-typescript-react"") passed (0s)
   expect({""__reactFiber$fsev6y5gcpq"":{""tag"":5,""key"":null,""elementType"":""div"",""type"":""div"",""stateNode"":""[Circular]"",""return"":""[Object]"",""child"":""[Object]"",""sibling"":null,... <truncated>).toHaveTextContent(""Alpha"") passed (0s)","HomePage","HomePage",,"reference-app-copy","HomePage",
"frontend-typescript-react:src/test/lib/auth.test.ts#validateCredentials requires both when empty","requires both when empty","passed","3ms",,,"expect(""Login and password are required (minimum 3 and 6 characters)"").toBe(""Login and password are required (minimum 3 and 6 characters)"") passed (1ms)","validateCredentials","validateCredentials",,"reference-app-copy","validateCredentials",
"frontend-typescript-react:src/test/lib/auth.test.ts#validateCredentials requires login","requires login","passed","0s",,,"expect(""Login is required (minimum 3 characters)"").toBe(""Login is required (minimum 3 characters)"") passed (0s)","validateCredentials","validateCredentials",,"reference-app-copy","validateCredentials",
"frontend-typescript-react:src/test/lib/auth.test.ts#validateCredentials requires password","requires password","passed","0s",,,"expect(""Password is required (minimum 6 characters)"").toBe(""Password is required (minimum 6 characters)"") passed (0s)","validateCredentials","validateCredentials",,"reference-app-copy","validateCredentials",
"tests.testinfra.ConfigReaderTest.resolveApiBaseUrlFailsWhenBothEmpty","resolveApiBaseUrl fails fast when apiBaseUrl and hubUrl are empty","passed","3ms",,,,,"ConfigReader",,"Test harness","ConfigReader",
"tests.testinfra.ConfigReaderTest.resolveApiBaseUrlFallsBackToHubUrl","resolveApiBaseUrl falls back to hubUrl when apiBaseUrl is empty","passed","3ms",,,,,"ConfigReader",,"Test harness","ConfigReader",
"tests.testinfra.ConfigReaderTest.resolveApiBaseUrlPrefersExplicitKey","resolveApiBaseUrl prefers apiBaseUrl over hubUrl","passed","139ms",,,,,"ConfigReader",,"Test harness","ConfigReader",
"tests.testinfra.ConfigReaderTest.resolveApiBaseUrlUsesLoadedConfig","resolveApiBaseUrl uses loaded config","passed","1ms",,,,,"ConfigReader",,"Test harness","ConfigReader",
"tests.testinfra.ConfigReaderTest.resolveBaseUrlAddsTrailingSlash","resolveBaseUrl adds trailing slash to HTTP baseUrl","passed","3ms",,,,,"ConfigReader",,"Test harness","ConfigReader",
"tests.testinfra.ConfigReaderTest.resolveBaseUrlFailsWhenBothEmpty","resolveBaseUrl fails fast when baseUrl and basePath are empty","passed","6ms",,,,,"ConfigReader",,"Test harness","ConfigReader",
"tests.testinfra.ConfigReaderTest.resolveBaseUrlFailsWhenBasePathMissing","resolveBaseUrl fails when basePath directory is missing","passed","8ms",,,,,"ConfigReader",,"Test harness","ConfigReader",
"tests.testinfra.ConfigReaderTest.resolveBaseUrlKeepsTrailingSlash","resolveBaseUrl keeps trailing slash on baseUrl","passed","4ms",,,,,"ConfigReader",,"Test harness","ConfigReader",
"tests.testinfra.ConfigReaderTest.resolveBaseUrlFromBasePath","resolveBaseUrl maps basePath to file URL with trailing slash","passed","19ms",,,,,"ConfigReader",,"Test harness","ConfigReader",
"tests.testinfra.ConfigReaderTest.resolveBaseUrlResolvesRelativeBasePath","resolveBaseUrl resolves relative basePath against user dir","passed","4ms",,,,,"ConfigReader",,"Test harness","ConfigReader",
"tests.testinfra.ConfigReaderTest.resolveBaseUrlUsesLoadedConfig","resolveBaseUrl uses loaded config","passed","2ms",,,,,"ConfigReader",,"Test harness","ConfigReader",
"tests.testinfra.TokensCssTest.resolveTokensCssPathFallsBackToBackendCandidate","resolveTokensCssPath falls back to backend candidate","passed","1ms",,,,,"TokensCss",,"Test harness","Tokens CSS",
"tests.testinfra.TokensCssTest.resolveTokensCssPathPrefersFrontendCandidate","resolveTokensCssPath prefers frontend candidate","passed","2ms",,,,,"TokensCss",,"Test harness","Tokens CSS",
"tests.testinfra.ConfigReaderTest.resolveWebBaseUrlStripsTrailingSlashFromLoadedConfig","resolveWebBaseUrl strips trailing slash from loaded config","passed","1ms",,,,,"ConfigReader",,"Test harness","ConfigReader",
"dev.reference.app.config.CorsConfigTest.sameHostUsesServerName","sameHost falls back to server name when Host header is absent","passed","3ms",,,,,"CorsConfig",,"Security","CORS",
"dev.reference.app.config.CorsConfigTest.sameHostUsesHostHeader","sameHost matches Origin host to the Host header","passed","1ms",,,,,"CorsConfig",,"Security","CORS",
"dev.reference.app.config.CorsConfigTest.sameHostRejectsInvalidOrigin","sameHost rejects malformed and host-less origins","passed","3ms",,,,,"CorsConfig",,"Security","CORS",
"frontend-typescript-react:src/test/lib/appBase.test.ts#appBase — mount precedence scopes auth token keys per backend and shares them across frontends","scopes auth token keys per backend and shares them across frontends","passed","3ms",,,"expect(""authToken:backend-java-spring"").toBe(""authToken:backend-java-spring"") passed (0s)
 expect(""authToken:backend-python-fastapi"").toBe(""authToken:backend-python-fastapi"") passed (0s)
  expect(""authToken:backend-python-fastapi"").toBe(""authToken:backend-python-fastapi"") passed (0s)","appBase — mount precedence","appBase — mount precedence",,"reference-app-copy","appBase — mount precedence",
"dev.reference.app.config.JwtAuthFilterTest.setsAuthenticationForValidBearerToken","sets authentication for valid bearer token","passed","1s 568ms",,,,,"JwtAuthFilter",,"Authentication","JWT filter",
"frontend-typescript-react:src/test/pages/LoginPage.test.tsx#LoginPage shows API error message for wrong credentials","shows API error message for wrong credentials","passed","207ms",,,"expect({""__reactFiber$bfjiva9m1r"":{""tag"":5,""key"":null,""elementType"":""p"",""type"":""p"",""stateNode"":""[Circular]"",""return"":""[Object]"",""child"":null,""sibling"":""[Object]"",""inde... <truncated>).toHaveTextContent(""Wrong login or password"") passed (0s)
 expect(null).toBeNull() passed (0s)","LoginPage","LoginPage",,"reference-app-copy","LoginPage",
"frontend-typescript-react:src/test/pages/RegisterPage.test.tsx#RegisterPage shows API error when username is already taken","shows API error when username is already taken","passed","262ms",,,"expect({""__reactFiber$3lcv01xnczc"":{""tag"":5,""key"":null,""elementType"":""p"",""type"":""p"",""stateNode"":""[Circular]"",""return"":""[Object]"",""child"":null,""sibling"":""[Object]"",""ind... <truncated>).toHaveTextContent(""Username already taken"") passed (0s)
 expect(null).toBeNull() passed (0s)","RegisterPage","RegisterPage",,"reference-app-copy","RegisterPage",
"frontend-typescript-react:src/test/pages/HomePage.test.tsx#HomePage shows empty items state when API returns no rows","shows empty items state when API returns no rows","passed","26ms",,,"expect({""__reactFiber$fsev6y5gcpq"":{""tag"":5,""key"":null,""elementType"":""div"",""type"":""div"",""stateNode"":""[Circular]"",""return"":""[Object]"",""child"":""[Object]"",""sibling"":null,... <truncated>).toHaveTextContent(""No items found."") failed (2ms)
 expect({""__reactFiber$fsev6y5gcpq"":{""tag"":5,""key"":null,""elementType"":""div"",""type"":""div"",""stateNode"":""[Circular]"",""return"":""[Object]"",""child"":""[Object]"",""sibling"":null,... <truncated>).toHaveTextContent(""No items found."") passed (0s)","HomePage","HomePage",,"reference-app-copy","HomePage",
"frontend-typescript-react:src/test/pages/HomePage.test.tsx#HomePage shows items error state when items API fails","shows items error state when items API fails","passed","24ms",,,"expect({""__reactFiber$fsev6y5gcpq"":{""tag"":5,""key"":null,""elementType"":""div"",""type"":""div"",""stateNode"":""[Circular]"",""return"":""[Object]"",""child"":""[Object]"",""sibling"":null,... <truncated>).toHaveTextContent(""✗ items: HTTP 500"") failed (1ms)
 expect({""__reactFiber$fsev6y5gcpq"":{""tag"":5,""key"":null,""elementType"":""div"",""type"":""div"",""stateNode"":""[Circular]"",""return"":""[Object]"",""child"":""[Object]"",""sibling"":null,... <truncated>).toHaveTextContent(""✗ items: HTTP 500"") passed (0s)","HomePage","HomePage",,"reference-app-copy","HomePage",
"frontend-typescript-react:src/test/pages/LoginPage.test.tsx#LoginPage shows the exact login-required error when username is empty","shows the exact login-required error when username is empty","passed","305ms",,,"expect({""__reactFiber$bfjiva9m1r"":{""tag"":5,""key"":null,""elementType"":""p"",""type"":""p"",""stateNode"":""[Circular]"",""return"":""[Object]"",""child"":null,""sibling"":""[Object]"",""inde... <truncated>).toHaveTextContent(""Login is required (minimum 3 characters)"") passed (1ms)","LoginPage","LoginPage",,"reference-app-copy","LoginPage",
"frontend-typescript-react:src/test/pages/RegisterPage.test.tsx#RegisterPage shows the exact mismatch error when passwords differ","shows the exact mismatch error when passwords differ","passed","381ms",,,"expect({""__reactFiber$3lcv01xnczc"":{""tag"":5,""key"":null,""elementType"":""p"",""type"":""p"",""stateNode"":""[Circular]"",""return"":""[Object]"",""child"":null,""sibling"":""[Object]"",""ind... <truncated>).toHaveTextContent(""Passwords do not match"") passed (0s)","RegisterPage","RegisterPage",,"reference-app-copy","RegisterPage",
"frontend-typescript-react:src/test/pages/LoginPage.test.tsx#LoginPage shows the exact password-required error when password is empty","shows the exact password-required error when password is empty","passed","116ms",,,"expect({""__reactFiber$bfjiva9m1r"":{""tag"":5,""key"":null,""elementType"":""p"",""type"":""p"",""stateNode"":""[Circular]"",""return"":""[Object]"",""child"":null,""sibling"":""[Object]"",""inde... <truncated>).toHaveTextContent(""Password is required (minimum 6 characters)"") passed (0s)","LoginPage","LoginPage",,"reference-app-copy","LoginPage",
"frontend-typescript-react:src/test/pages/HomePage.test.tsx#HomePage shows welcome and logout when profile loads for a session token","shows welcome and logout when profile loads for a session token","passed","49ms",,,"expect({""__reactFiber$fsev6y5gcpq"":{""tag"":5,""key"":null,""elementType"":""p"",""type"":""p"",""stateNode"":""[Circular]"",""return"":""[Object]"",""child"":null,""sibling"":""[Object]"",""ind... <truncated>).toHaveTextContent(""Welcome, user1!"") passed (0s)
 expect({""__reactFiber$fsev6y5gcpq"":{""tag"":5,""key"":null,""elementType"":""div"",""type"":""div"",""stateNode"":""[Circular]"",""return"":""[Object]"",""child"":""[Object]"",""sibling"":null,... <truncated>).toBeVisible() passed (7ms)
  expect({""__reactFiber$fsev6y5gcpq"":{""tag"":5,""key"":null,""elementType"":""button"",""type"":""button"",""stateNode"":""[Circular]"",""return"":""[Object]"",""child"":null,""sibling"":null,... <truncated>).toBeInTheDocument() passed (0s)","HomePage","HomePage",,"reference-app-copy","HomePage",
"frontend-typescript-react:src/test/pwa/registerServiceWorker.test.ts#registerServiceWorker skips registration in Vite DEV","skips registration in Vite DEV","passed","1ms",,,"expect([Function spy]).not.toHaveBeenCalled() passed (0s)","registerServiceWorker","registerServiceWorker",,"reference-app-copy","registerServiceWorker",
"frontend-typescript-react:src/test/pwa/registerServiceWorker.test.ts#registerServiceWorker skips registration when serviceWorker is unavailable","skips registration when serviceWorker is unavailable","passed","0s",,,,"registerServiceWorker","registerServiceWorker",,"reference-app-copy","registerServiceWorker",
"dev.reference.app.config.UserSeederTest.skipsSeedingWhenCredentialsMissing","skips seeding when credentials are not configured username="""" password=""""","passed","2ms",,,,,"UserSeeder",,"Authentication","User seeder",
"dev.reference.app.config.UserSeederTest.skipsSeedingWhenCredentialsMissing","skips seeding when credentials are not configured username="""" password=""password1""","passed","10ms",,,,,"UserSeeder",,"Authentication","User seeder",
"dev.reference.app.config.UserSeederTest.skipsSeedingWhenCredentialsMissing","skips seeding when credentials are not configured username=""user1"" password=""""","passed","2ms",,,,,"UserSeeder",,"Authentication","User seeder",
"dev.reference.app.config.UserSeederTest.skipsSeedingWhenUserExists","skips seeding when user already exists","passed","4ms",,,,,"UserSeeder",,"Authentication","User seeder",
"frontend-typescript-react:src/test/pages/LoginPage.test.tsx#LoginPage stores session and navigates home on successful login","stores session and navigates home on successful login","passed","154ms",,,"expect({""__reactFiber$bfjiva9m1r"":{""tag"":5,""key"":null,""elementType"":""div"",""type"":""div"",""stateNode"":""[Circular]"",""return"":""[Object]"",""child"":null,""sibling"":null,""index""... <truncated>).toBeInTheDocument() passed (0s)
 expect(""tok-1"").toBe(""tok-1"") passed (0s)","LoginPage","LoginPage",,"reference-app-copy","LoginPage",
"frontend-typescript-react:src/test/pages/RegisterPage.test.tsx#RegisterPage stores session and navigates home on successful register","stores session and navigates home on successful register","passed","250ms",,,"expect({""__reactFiber$3lcv01xnczc"":{""tag"":5,""key"":null,""elementType"":""div"",""type"":""div"",""stateNode"":""[Circular]"",""return"":""[Object]"",""child"":null,""sibling"":null,""index... <truncated>).toBeInTheDocument() passed (0s)
 expect(""tok-reg"").toBe(""tok-reg"") passed (0s)","RegisterPage","RegisterPage",,"reference-app-copy","RegisterPage",
"frontend-typescript-react:src/test/lib/appBase.test.ts#appBase — mount precedence takes backend and frontend from the path matrix","takes backend and frontend from the path matrix","passed","21ms",,,"expect(""/backend-java-spring/frontend-typescript-react"").toBe(""/backend-java-spring/frontend-typescript-react"") passed (1ms)
 expect(""backend-java-spring"").toBe(""backend-java-spring"") passed (0s)
  expect(""authToken:backend-java-spring"").toBe(""authToken:backend-java-spring"") passed (0s)
   expect(""/backend-java-spring/frontend-typescript-react/js/header.js"").toBe(""/backend-java-spring/frontend-typescript-react/js/header.js"") passed (0s)
    expect(""/backend-java-spring/api/health"").toBe(""/backend-java-spring/api/health"") passed (0s)","appBase — mount precedence","appBase — mount precedence",,"reference-app-copy","appBase — mount precedence",
"frontend-typescript-react:src/test/header-active-nav.test.ts#canonical header.js — mobile burger menu toggles menu visibility via burger button","toggles menu visibility via burger button","passed","102ms",,,"expect(3).toBe(3) passed (0s)
 expect(3).toBe(3) passed (0s)
  expect({}).not.toBeNull() passed (0s)
   expect({}).not.toBeNull() passed (1ms)
    expect(true).toBe(true) passed (0s)
     expect(""false"").toBe(""false"") passed (0s)
      expect(false).toBe(false) passed (0s)
       expect(""true"").toBe(""true"") passed (0s)
        expect(true).toBe(true) passed (0s)
         expect(""false"").toBe(""false"") passed (0s)","canonical header.js — mobile burger menu","canonical header.js — mobile burger menu",,"reference-app-copy","canonical header.js — mobile burger menu",
"tests.testinfra.HarCaptureTest.toHarBuildsEntriesFromPerformanceLogs","toHarBuildsEntriesFromPerformanceLogs()","passed","76ms",,,,,"tests.testinfra.HarCaptureTest",,"Test harness","HAR capture",
"tests.testinfra.TokensCssTest.tokensMatchComponentSizesCanon","tokens.css keeps canonical component size tokens [1] --control-height-md, 36px","passed","13ms",,,,,"TokensCss",,"Test harness","Tokens CSS",
"tests.testinfra.TokensCssTest.tokensMatchComponentSizesCanon","tokens.css keeps canonical component size tokens [2] --icon-size-md, 18px","passed","3ms",,,,,"TokensCss",,"Test harness","Tokens CSS",
"tests.testinfra.TokensCssTest.tokensMatchComponentSizesCanon","tokens.css keeps canonical component size tokens [3] --input-min-width, 200px","passed","3ms",,,,,"TokensCss",,"Test harness","Tokens CSS",
"tests.testinfra.TokensCssTest.tokensMatchComponentSizesCanon","tokens.css keeps canonical component size tokens [4] --header-height, 40px","passed","2ms",,,,,"TokensCss",,"Test harness","Tokens CSS",